section,label,class,n,win,win_rate_pct,invest,return,roi_pct
Step2_agari_diff_win_rate,0.0〜0.3（最速級）,全体,1123,114,10.15,11400,527450,4626.75
Step2_agari_diff_win_rate,0.0〜0.3（最速級）,2勝×ダ,197,28,14.21,2800,100900,3603.57
Step2_agari_diff_win_rate,0.0〜0.3（最速級）,2勝×芝,223,29,13.0,2900,55340,1908.28
Step2_agari_diff_win_rate,0.0〜0.3（最速級）,3勝×ダ,110,10,9.09,1000,116550,11655.0
Step2_agari_diff_win_rate,0.0〜0.3（最速級）,3勝×芝,176,17,9.66,1700,47010,2765.29
Step2_agari_diff_win_rate,0.0〜0.3（最速級）,OP×ダ,79,9,11.39,900,43120,4791.11
Step2_agari_diff_win_rate,0.0〜0.3（最速級）,OP×芝,88,5,5.68,500,74940,14988.0
Step2_agari_diff_win_rate,0.0〜0.3（最速級）,重賞×ダ,24,2,8.33,200,5440,2720.0
Step2_agari_diff_win_rate,0.0〜0.3（最速級）,重賞×芝,226,14,6.19,1400,84150,6010.71
Step2_agari_diff_win_rate,0.0〜0.5（上位）,全体,770,60,7.79,6000,412660,6877.67
Step2_agari_diff_win_rate,0.0〜0.5（上位）,2勝×ダ,147,10,6.8,1000,43120,4312.0
Step2_agari_diff_win_rate,0.0〜0.5（上位）,2勝×芝,185,21,11.35,2100,185510,8833.81
Step2_agari_diff_win_rate,0.0〜0.5（上位）,3勝×ダ,81,7,8.64,700,61670,8810.0
Step2_agari_diff_win_rate,0.0〜0.5（上位）,3勝×芝,120,5,4.17,500,9080,1816.0
Step2_agari_diff_win_rate,0.0〜0.5（上位）,OP×ダ,50,5,10.0,500,6360,1272.0
Step2_agari_diff_win_rate,0.0〜0.5（上位）,OP×芝,57,5,8.77,500,43430,8686.0
Step2_agari_diff_win_rate,0.0〜0.5（上位）,重賞×ダ,11,2,18.18,200,14240,7120.0
Step2_agari_diff_win_rate,0.0〜0.5（上位）,重賞×芝,119,5,4.2,500,49250,9850.0
Step2_agari_diff_win_rate,0.5〜1.0（中位）,全体,1732,101,5.83,10100,696770,6898.71
Step2_agari_diff_win_rate,0.5〜1.0（中位）,2勝×ダ,377,24,6.37,2400,100130,4172.08
Step2_agari_diff_win_rate,0.5〜1.0（中位）,2勝×芝,361,20,5.54,2000,103660,5183.0
Step2_agari_diff_win_rate,0.5〜1.0（中位）,3勝×ダ,203,11,5.42,1100,81540,7412.73
Step2_agari_diff_win_rate,0.5〜1.0（中位）,3勝×芝,288,18,6.25,1800,167380,9298.89
Step2_agari_diff_win_rate,0.5〜1.0（中位）,OP×ダ,130,2,1.54,200,6990,3495.0
Step2_agari_diff_win_rate,0.5〜1.0（中位）,OP×芝,143,10,6.99,1000,38030,3803.0
Step2_agari_diff_win_rate,0.5〜1.0（中位）,重賞×ダ,24,2,8.33,200,92190,46095.0
Step2_agari_diff_win_rate,0.5〜1.0（中位）,重賞×芝,206,14,6.8,1400,106850,7632.14
Step2_agari_diff_win_rate,1.0〜2.0（下位）,全体,1517,69,4.55,6900,2475376240,35875017.97
Step2_agari_diff_win_rate,1.0〜2.0（下位）,2勝×ダ,496,18,3.63,1800,105330,5851.67
Step2_agari_diff_win_rate,1.0〜2.0（下位）,2勝×芝,271,14,5.17,1400,75650,5403.57
Step2_agari_diff_win_rate,1.0〜2.0（下位）,3勝×ダ,231,8,3.46,800,66990,8373.75
Step2_agari_diff_win_rate,1.0〜2.0（下位）,3勝×芝,170,7,4.12,700,2267047160,323863880.0
Step2_agari_diff_win_rate,1.0〜2.0（下位）,OP×ダ,114,11,9.65,1100,207964260,18905841.82
Step2_agari_diff_win_rate,1.0〜2.0（下位）,OP×芝,110,7,6.36,700,43240,6177.14
Step2_agari_diff_win_rate,1.0〜2.0（下位）,重賞×ダ,22,0,0.0,0,0,0.0
Step2_agari_diff_win_rate,1.0〜2.0（下位）,重賞×芝,103,4,3.88,400,73610,18402.5
Step2_agari_diff_win_rate,2.0以上（最下位）,全体,542,19,3.51,1900,154880,8151.58
Step2_agari_diff_win_rate,2.0以上（最下位）,2勝×ダ,209,9,4.31,900,127770,14196.67
Step2_agari_diff_win_rate,2.0以上（最下位）,2勝×芝,82,1,1.22,100,2850,2850.0
Step2_agari_diff_win_rate,2.0以上（最下位）,3勝×ダ,65,3,4.62,300,10540,3513.33
Step2_agari_diff_win_rate,2.0以上（最下位）,3勝×芝,49,3,6.12,300,8540,2846.67
Step2_agari_diff_win_rate,2.0以上（最下位）,OP×ダ,61,2,3.28,200,4290,2145.0
Step2_agari_diff_win_rate,2.0以上（最下位）,OP×芝,24,0,0.0,0,0,0.0
Step2_agari_diff_win_rate,2.0以上（最下位）,重賞×ダ,12,1,8.33,100,890,890.0
Step2_agari_diff_win_rate,2.0以上（最下位）,重賞×芝,40,0,0.0,0,0,0.0
Step3_bonus_roi,ボーナスなし（ベース）,全体,660,213,32.27,660000,471350,71.42
Step3_bonus_roi,+1pt (diff<=0.0),全体,660,204,30.91,660000,457620,69.34
Step3_bonus_roi,+2pt (diff<=0.0),全体,660,204,30.91,660000,457620,69.34
Step3_bonus_roi,+1pt (diff<=0.5),全体,660,149,22.58,660000,391610,59.33
Step3_bonus_roi,+2pt (diff<=0.5),全体,660,149,22.58,660000,391610,59.33
Step3_bonus_roi,ボーナスなし（ベース）,3勝×芝,81,25,30.86,81000,60100,74.2
Step3_bonus_roi,+1pt (diff<=0.0),3勝×芝,81,22,27.16,81000,55190,68.14
Step3_bonus_roi,+2pt (diff<=0.0),3勝×芝,81,22,27.16,81000,55190,68.14
Step3_bonus_roi,+1pt (diff<=0.5),3勝×芝,81,12,14.81,81000,32430,40.04
Step3_bonus_roi,+2pt (diff<=0.5),3勝×芝,81,12,14.81,81000,32430,40.04
Step3_bonus_roi,ボーナスなし（ベース）,OP×芝,57,19,33.33,57000,31170,54.68
Step3_bonus_roi,+1pt (diff<=0.0),OP×芝,57,22,38.6,57000,50890,89.28
Step3_bonus_roi,+2pt (diff<=0.0),OP×芝,57,22,38.6,57000,50890,89.28
Step3_bonus_roi,+1pt (diff<=0.5),OP×芝,57,16,28.07,57000,42810,75.11
Step3_bonus_roi,+2pt (diff<=0.5),OP×芝,57,16,28.07,57000,42810,75.11
Step3_bonus_roi,ボーナスなし（ベース）,3勝×ダ,71,17,23.94,71000,37970,53.48
Step3_bonus_roi,+1pt (diff<=0.0),3勝×ダ,71,17,23.94,71000,37970,53.48
Step3_bonus_roi,+2pt (diff<=0.0),3勝×ダ,71,17,23.94,71000,37970,53.48
Step3_bonus_roi,+1pt (diff<=0.5),3勝×ダ,71,14,19.72,71000,52820,74.39
Step3_bonus_roi,+2pt (diff<=0.5),3勝×ダ,71,14,19.72,71000,52820,74.39
Step4_corner4_style,先行(1-4),全体×芝,1263,115,9.11,0,0,0
Step4_corner4_style,先行(1-4),全体×ダ,1055,96,9.1,0,0,0
Step4_corner4_style,差し(5-8),全体×芝,976,76,7.79,0,0,0
Step4_corner4_style,差し(5-8),全体×ダ,788,58,7.36,0,0,0
Step4_corner4_style,追込(9+),全体×芝,1075,49,4.56,0,0,0
Step4_corner4_style,追込(9+),全体×ダ,1016,38,3.74,0,0,0
